{"cameraMode":{"drawMode":0,"name":"Shaded","section":"Shading Mode"},"sceneLighting":true,"audioPlay":false,"sceneViewState":{"m_AlwaysRefresh":false,"showFog":true,"showSkybox":true,"showFlares":true,"showImageEffects":true,"showParticleSystems":true,"showVisualEffectGraphs":true,"m_FxEnabled":true},"in2DMode":false,"pivot":{"x":-64.91999816894531,"y":-15.054296493530274,"z":162.2786407470703},"rotation":{"x":0.04783950373530388,"y":-0.17499026656150819,"z":0.008513650856912136,"w":0.9833813309669495},"size":142.2225799560547,"orthographic":false}